"","Station","Average"
"1","Aylesford",5.04558438202445
"2","Halifax",6.01914683403946
"3","Kentville",4.95672670806911
"4","Lake Major",4.92612978392896
"5","Pictou",7.11981290740002
"6","Port Hawkesbury",6.28832547713666
"7","Sable Island",8.78515435539282
"8","Sydney",6.46657668769912
